"id","title","publisher_id","address","year","edition","numpages","language","remark","category_id"
"1","Выбор вариантов: основы теории","1","М.","1990","","240","russian","","4"
"2","Экономический анализ","2","М.","2005","11-е изд., испр. и доп.","651","russian","","4"
"3","Имитационное моделирование. Классика CS","3","СПб.","2004","3-е изд.","847","russian","","3"
"4","Математическая экономия","4","М.","1963","","669","russian","","4"
"5","Управление производством при нечеткой исходной информации","5","М.","1991","","240","russian","","2"
"6","Введение в многомерный статистический анализ","6","М.","1963","","500","russian","","2"
"7","Введение в методы оптимизации","1","М.","1977","","344","russian","","3"
"8","Имитационное моделирование систем: искусство и наука","7","М.","1978","","420","russian","","1"
"9","Микроэкономика","8","СПб.","1998","","349","russian","","3"
"10","Теория вероятностей и ее инженерные приложения","9","М.","2000","2-е изд., стер.","480","russian","","1"
"11","Метод статистического моделирования","10","М.","1970","","112","russian","","1"
"12","Микроэкономика","8","СПб.","1998","","503","russian","","2"
"13","Методы и модели анализа данных: OLAP и Data Mining","11","СПб.","2004","","336","russian","","2"
"14","Введение в имитационное моделирование и язык СЛАМ II","7","М.","1987","","646","russian","","2"
"15","Сборник основных российских стандартов по библиотечно-информационной деятельности","12","СПб.","2006","","547","russian","","2"
"16","Микроэкономика. Промежуточный уровень. Современный подход","13","М.","1997","","767","russian","","3"
"17","Введение в исследование операций","14","М.","2005","7-е","912","russian","","3"
"18","Нечеткие множества в моделях управления и искусственного интеллекта","1","М.","1986","","312","russian","","1"
"19","Теория организации","15","СПб.","2008","2-е изд., доп. и перераб.","464","russian","","1"
"20","Принятие решений при многих критериях: предпочтения и замещения","16","М.","1981","","560","russian","","3"
"21","Стратегическое управление: регион, город, предприятие","17","М.","2005","","603","russian","","1"
"22","Основы исследования операций","7","М.","1971","","536","russian","","4"
"23","Принятие решений на основе нечетких моделей: Примеры использования","18","Рига","1990","","184","russian","","2"
"24","Искусственный интеллект. Справочник. Книга 1. Системы общения и экспертные системы","16","М.","1990","","464","russian","","4"
"25","Искусственный интеллект. Справочник. Книга 3. Программные и аппаратные средства","16","М.","1990","","368","russian","","2"
"26","Искусственный интеллект. Справочник. Книга 2. Модели и методы","16","М.","1990","","304","russian","","3"
"27","Сети, связь и потоки","19","М.","1978","","448","russian","","4"
"28","Дискретные математические модели с приложениями к социальным, биологическим и экологическим задачам","1","М.","1986","","496","russian","","3"
"29","Разработка управленческих решений","20","М.","2008","2-е изд., перераб. и доп.","383","russian","","3"
"30","Модели и методы управления организационными  системами","1","М.","1994","","270","russian","","1"
"31","Принятие решений в неопределенности: Правила и предубеждения","21","Харьков","2005","","632","russian","","4"
"32","Стратегия предприятия","22","М.","2008","","568","russian","","4"
"33","Теория экономического развития","23","М.","1982","","456","russian","","1"
"34","Прикладные методы, теории случайных функций","1","М.","1968","2-е, перераб. и доп.","449","russian","","2"
"35","Выпуклые структуры и математическая экономика","7","М.","1972","","519","russian","","3"
"36","Социальные индикаторы","20","М.","2006","","607","russian","","4"
"37","Планирование решений","24","Киев","1987","","168","russian","","4"
"38","Теория экономического анализа","25","М.","2001","4-е изд., доп. и перераб.","416","russian","","2"
"39","Нелинейное программирование. Теория и алгоритмы","7","М.","1982","","583","russian","","1"
"40","Хозяйственный риск и методы его измерения","17","М.","1979","","184","russian","","1"
"41","Условная оптимизация и методы множителей Лагранжа","16","М.","1987","","400","russian","","4"
"42","Факторный анализ как статистический метод","7","М.","1967","","145","russian","","2"
"43","Экспертные системы: принципы разработки и программирование","14","М.","2007","4-е изд.","1152","russian","","1"
"44","Нейронные сети: полный курс","14","М.","2006","2-е изд.","1104","russian","","2"
"45","Прикладные методы анализа данных и знаний","26","Новосибирск","1999","","270","russian","","4"
"46","Вычислительные алгоритмы в прикладной статистике","25","М.","1988","","350","russian","","3"
"47","Применения корреляционного и спектрального анализа","7","М.","1983","","312","russian","","3"
"48","Экономическая теория","15","СПб.","2003","","480","russian","","3"
"49","Предприятие в нестабильной экономической среде: риски, стратегии, безопасность","17","М.","1997","","288","russian","","1"
"50","Введение в теорию исследования операций","1","М.","1971","","384","russian","","2"
"51","Методы возможных направлений","4","М.","1963","","176","russian","","1"
"52","Элементы динамического программирования","1","М.","1964","","176","russian","","4"
"53","Математическая экономика","20","М.","2002","2-е изд., перераб. и доп.","399","russian","","4"
"54","Вербальный анализ решений","1","М.","2006","","181","russian","","4"
"55","Информационные системы","15","СПб.","2008","2-е изд.","656","russian","","4"
"56","Экстремальные задачи теории приближения","1","М.","1976","","320","russian","","1"
"57","Сплайны в теории приближения","1","М.","1984","","352","russian","","3"
"58","Аппроксимация с ограничениями","24","Киев","1982","","252","russian","","1"
"59","Фирма, рынок и право","27","М.","2007","","224","russian","","4"
"60","Устойчивость решающих функций в задачах распознавания образов и анализа разнотипной информации","26","Новосибирск","2005","","218","russian","","3"
"61","Математическая статистика","1","М.","1967","","632","russian","","4"
"62","Понятие лингвистической переменной и его применение к принятию приближенных решений. Пер. с англ. Н. И. Ринго","7","М.","97","","6","russian","","4"
"63","Практика эконометрики: классика и современность","20","М.","2005","","863","russian","","2"
"64","Современный факторный анализ","10","М.","1972","","486","russian","","4"
"65","Динамическое программирование","4","М.","1960","","400","russian","","2"
"66","Прикладные задачи динамического программирования","1","М.","1965","","460","russian","","2"
"67","Лекции по теории аппроксимации","1","М.","1965","2-е изд, перераб. и допол.","408","russian","","4"
"68","Искусственный интеллект: современный подход","14","М.","2006","2-е изд.","1408","russian","","2"
"69","Методы обработки разнотипных экспериментальных данных","1","Новосибирск","1981","","161","russian","","3"
"70","Методы оптимизации в примерах и задачах","9","М.","2005","2-е изд., исправл.","544","russian","","4"
"71","Принятие решений при зависимостях и обратных связях: Аналитические сети","28","М.","2008","","360","russian","","1"
"72","Многокритериальная оптимизация. Теория, вычисления и приложения","16","М.","1992","","504","russian","","3"
"73","Энциклопедия линейной алгебры. Электронная система ЛИНЕАЛ","11","СПб.","2006","","544","russian","","3"
"74","Основы вычислительной математики","1","М.","1966","3-е, исправ.","664","russian","","2"
"75","Статистическое оценивание","10","М.","1976","","598","russian","","3"
"76","Риск в многокритериальных и конфликтных системах при неопределенности","29","М.","2004","","272","russian","","1"
"77","Методы сплайн-функции","1","М.","1980","","352","russian","","2"
"78","Численные методы оптимизации. Единый подход","7","М.","1974","","376","russian","","2"
"79","Эконометрия структурных изменений","25","М.","1981","","183","russian","","1"
"80","Устойчивые методы оценивания","10","М.","1980","","208","russian","","2"
"81","Проверка статистических гипотез","1","М.","1979","","408","russian","","3"
"82","Математическая статистика с техническими приложениями","4","М.","1956","","664","russian","","4"
"83","Возможность как альтернатива вероятности. Математические и эмпирические основы, применение","30","М.","2007","","464","russian","","4"
"84","Байесовские сети: Логико-вероятностный подход","1","СПб.","2006","","607","russian","","3"
"85","Анализ хозяйственной деятельности предприятия","31","Мн.","1998","2-е изд., перераб. и доп.","498","russian","","3"
"86","Прикладная статистика. Основы эконометрики: Учебник для вузов: В 2 т.","32","М.","0","2-е испр.","3","russian","","1"
"87","Прикладная статистика. Основы эконометрики: Учебник для вузов. В 2 т.","32","М.","0","2-е, испр.","656","russian","","1"
"88","Грани экономического риска","33","М.","99","","64","russian","","1"
"89","Риск и его роль в общественной жизни","34","М.","98","","191","russian","","4"
"90","Экономика предприятия","35","М.","99","","1","russian","","3"
"91","Условия эффективности в экономике","36","М.","1998","","304","russian","","4"
"92","Дискретное динамическое программирование","7","М.","1969","","172","russian","","1"
"93","Методы оптимизации эксперимента в химической технологии","37","М.","1985","2-е изд., перераб. и доп.","327","russian","","1"
"94","Методы анализа сетей","7","М.","1984","","496","russian","","3"
"95","Потоки в сетях","7","М.","1966","","276","russian","","3"
"96","Численные методы безусловной оптимизации и решения нелинейных уравнений","7","М.","1988","","440","russian","","2"
"97","Эконометрические зависимости: принципы и методы построения","1","М.","2000","","104","russian","","2"
"98","Обобщения рядов экспонент","1","М.","1981","","320","russian","","2"
"99","Ряды экспонент","1","М.","1976","","536","russian","","2"
"100","Уравнения свертки в многомерных пространствах","1","М.","1982","","240","russian","","1"
"101","Мониторинг и оценка риска систем <<защита — объект — среда>>","28","М.","2008","","136","russian","","4"
"102","Теория и практика принятия решений","17","М.","1984","","176","russian","","3"
"103","Анализ финансово-экономической деятельности предприятия","32","М.","1999","","471","russian","","1"
"104","Микроэкономика","38","СПб.","2007","","160","russian","","4"
"105","Численные методы условной оптимизации","7","М.","1977","","292","russian","","3"
"106","Методы решения экстремальных задач и их применение в системах оптимизации","1","М.","1982","","432","russian","","3"
"107","Введение в кибернетику","4","М.","1959","","432","russian","","2"
"108","Кластерный анализ","25","М.","1988","","176","russian","","4"
"109","Аппроксимация и оптимизация","7","М.","1975","","496","russian","","2"
"110","Нечеткое моделирование в среде MATLAB и fuzzyTECH","11","СПб.","2005","","736","russian","","2"
"111","Основы теории принятия решений","39","М.","1979","","212","russian","","1"
"112","Бинарные отношения, rрафы и коллективные решения","40","М.","2006","","298","russian","","1"
"113","Адаптивные модели: анализ и прогноз в экономических системах","41","Воронеж","2006","","380","russian","","2"
"114","Прогнозные модели экспертных предпочтений","41","Воронеж","2005","","248","russian","","4"
"115","Игры и решения. Введение и критический обзор","4","М.","1961","","644","russian","","1"
"116","Теория выбора и принятия решений","1","М.","1982","","328","russian","","1"
"117","MATLAB 6.5 SP1/7 + Simulink 5/6 в математике и моделировании","42","М.","2005","","576","russian","","4"
"118","Теория возможностей. Приложения к представлению знаний в информатике","16","М.","1990","","288","russian","","2"
"119","Моделирование рисковых ситуаций в экономике и  бизнесе","25","М.","2003","2-е изд., перераб. и доп.","224","russian","","2"
"120","Основы исследования операций","7","М.","1972","","336","russian","","3"
"121","Основы исследования операций","7","М.","1973","","488","russian","","4"
"122","Основы исследования операций","7","М.","1973","","504","russian","","1"
"123","Прикладная статистика: Классификации и снижение размерности","25","М.","1989","","607","russian","","3"
"124","Прикладная статистика: Исследование зависимостей","25","М.","1985","","487","russian","","4"
"125","Прикладная статистика: Основы моделирования и первичная обработка данных","25","М.","1983","","471","russian","","4"
"126","Управление социально-экономическим потенциалом региона","15","СПб.","2009","","240","russian","","1"
"127","Лекции по микроэкономическому анализу","1","М.","1985","","392","russian","","4"
"128","Статистические методы эконометрии","10","М.","1976","","328","russian","","3"
"129","Производственные функции: Теория, методы, применение","25","М.","1986","","239","russian","","4"
"130","Модели и методы управления портфелями проектов","43","М.","2005","","206","russian","","2"
"131","Метод Монте-Карло и смежные вопросы","1","М.","1975","2-е изд.","472","russian","","3"
"132","Элементы математической экономики","7","М.","1983","","248","russian","","1"
"133","Многокритериальные модели формирования и выбора вариантов систем","1","М.","1986","","296","russian","","2"
"134","Исследование операций","7","М.","1981","","712","russian","","3"
"135","Исследование операций","7","М.","1981","","677","russian","","4"
"136","Математические методы управления в условиях неполной информации","44","М.","1974","","400","russian","","2"
"137","Вычислительные методы теории принятия решений","1","М.","1989","","320","russian","","2"
"138","Линейное программирование (теория, методы и приложения)","1","М.","1969","","424","russian","","3"
"139","Задачи и методы линейного программирования","44","М.","1961","","493","russian","","2"
"140","Нечеткие множества и теория возможностей. Последние достижения","16","М.","1986","","408","russian","","2"
"141","Введение в дискретную математику","9","М.","2003","4-е изд., стер.","384","russian","","4"
"142","Робастность в статистике","7","М.","1984","","304","russian","","1"
"143","Введение в методы байесовского статистического вывода","25","М.","1987","","335","russian","","4"
"144","Байесовские методы в эконометрии","10","М.","1980","","438","russian","","4"
"145","Теория статистических выводов","7","М.","1975","","776","russian","","1"
"146","Системный анализ и принятие решений. Словарь-справочник","9","М.","2004","","616","russian","","1"
"147","Общая теория рисков","45","М.","2007","","368","russian","","2"
"148","Введение в прикладной эконометрический анализ","25","М.","1981","","294","russian","","2"
"149","Оптимальность в играх и решениях","1","М.","1990","","253","russian","","3"
"150","Решения: теория, информация, моделирование","16","М.","1981","","328","russian","","4"
"151","Методы решения экстремальных задач","1","М.","1981","","400","russian","","3"
"152","Методы оптимизации","46","М.","2002","","824","russian","","4"
"153","Последовательный анализ","1","М.","1960","","328","russian","","3"
"154","Факторный анализ","10","М.","1980","","398","russian","","3"
"155","Алгебраическая проблема собственных значений","1","М.","1970","","564","russian","","1"
"156","Методы анализа данных: Подход, основанный на методе динамических сгущений","25","М.","1985","","357","russian","","1"
"157","Философия науки в вопросах и ответах","47","Ростов н/Д","2006","","352","russian","","2"
"158","Кандидатская диссертация. Методика написания, правила оформления и порядок защиты","48","М.","2004","6-е изд., доп.","224","russian","","2"
"159","Задачи математического программирования транспортного типа","44","М.","1967","","208","russian","","1"
"160","Модели принятия решений в условиях неопределенности","1","М.","1981","","258","russian","","4"
"161","Коммуникационные сети (стохастические потоки и задержки сообщений)","1","М.","1970","","256","russian","","3"
"162","Математические методы обработки экспертной информации","41","Воронеж","2006","","69","russian","","4"
"163","Теория измерений","7","М.","1976","","248","russian","","3"
"164","Риски в экономике","20","М.","2003","","380","russian","","4"
"165","Оптимизация в условиях неопределенности","49","М.","1989","","224","russian","","1"
"166","Риск---менеджмент","25","М.","2006","","288","russian","","4"
"167","Численные методы Монте-Карло","1","М.","1973","","312","russian","","1"
"168","Иерархический кластер-анализ и соответствия","25","М.","1988","","279","russian","","3"
"169","Теория риска. Выбор при неопределенности и моделирование риска","40","М.","2005","","400","russian","","1"
"170","Геометрия","7","М.","1970","","239","russian","","2"
"171","Математика в социологии: моделирование и обработка информации","7","М.","1977","","551","russian","","3"
"172","Делим по справедливости, или гарантия выигрыша каждому","50","М.","2002","","196","russian","","3"
"173","Объектно-ориентированный анализ и проектирование с примерами приложений","14","М.","2008","3-е изд.","720","russian","","2"
"174","Принятие решений при многих критериях","33","М.","1979","","64","russian","","1"
"175","Вопросы анализа и процедуры принятия решений","7","М.","1976","","229","russian","","1"
"176","Статистика. Вероятность. Экономика","1","М.","1985","","396","russian","","3"
"177","Введение в исследование операций","1","М.","1967","","488","russian","","1"
"178","Факторный анализ в социально-экономических исследованиях","10","М.","1976","","151","russian","","4"
"179","Итерационные методы решения уравнений","7","М.","1985","","264","russian","","3"
"180","Информация, неопределенность, сложность","7","М.","1988","","184","russian","","1"
"181","Метод наименьших квадратов и основы математико-статистической теории обработки наблюдений","51","М.","1958","","338","russian","","3"
"182","Алгоритмы оптимизации на сетях и графах","7","М.","1981","","324","russian","","2"
"183","Общая теория оптимальных алгоритмов","7","М.","1983","","382","russian","","1"
"184","Бесконечные антагонистические игры","6","М.","1963","","504","russian","","3"
"185","Матричные игры","6","М.","1961","","280","russian","","3"
"186","Моделирование экономических процессов","32","М.","351","","2005","russian","","2"
"187","Статистический последовательный анализ","1","М.","1976","","272","russian","","2"
"188","Анализ экономики промышленного производства","9","М.","1984","","352","russian","","2"
"189","Аудит","9","М.","2006","5-е изд., перераб. и доп.","448","russian","","3"
"190","Теория риска и моделирование рисковых ситуаций","52","М.","2005","","880","russian","","4"
"191","Математические методы и модели исследования операций","52","М.","2003","","400","russian","","2"
"192","Оптимизация, теория и алгоритмы","7","М.","1973","","244","russian","","3"
"193","Налоги и налогообложение (+CD с мультимедийным учебным курсом)","15","СПб.","2008","5-е изд.","304","russian","","3"
"194","Экономико-математические методы в анализе хозяйственной деятельности","53","М.","1978","","64","russian","","3"
"195","Экономика предприятия","54","М.","1999","","584","russian","","1"
"196","Принятие решений. Метод анализа иерархий","16","М.","1993","","320","russian","","3"
"197","Аналитическое планирование. Организация систем","16","М.","1991","","224","russian","","3"
"198","Нейронные сети, генетические алгоритмы и нечеткие системы","55","М.","2004","","452","russian","","4"
"199","Теория массового обслуживания","56","М.","1979","","432","russian","","2"
"200","Вычислительные системы с очередями","7","М.","1979","","600","russian","","1"
"201","Алгоритмы решения экстремальных задач","1","М.","1977","","352","russian","","1"
"202","Количественный анализ в экономике","","М.","1987","","391","russian","","1"
"203","Прикладная теория статистических решений","10","М.","1977","","360","russian","","4"
"204","Выпуклый анализ и экстремальные задачи","1","М.","1980","","320","russian","","4"
"205","Необходимые условия экстремума","1","М.","1982","2-е изд., перераб. и доп.","144","russian","","1"
"206","Организация экспертизы и анализ экспертной информации","1","М.","1984","","120","russian","","1"
"207","Эконометрика","57","М.","2004","3-е изд., перераб. и доп.","576","russian","","3"
"208","Решение обыкновенных дифференциальных уравнений. Нежесткие задачи","7","М.","1990","","512","russian","","1"
"209","Применение теории систем к проблемам управления","7","М.","1981","","180","russian","","2"
"210","Риск, неопределенность и прибыль","22","М.","2003","","360","russian","","3"
"211","Группировки в социально-экономических исследованиях: Методы построения и анализа","25","М.","1985","","223","russian","","1"
"212","Анализ качественных признаков и структур","10","М.","1980","","319","russian","","4"
"213","Эффективные методы в нелинейном программировании","16","М.","1989","","304","russian","","3"
"214","Методы принятия технических решений","7","М.","1990","","200","russian","","3"
"215","Наука об управлении. Байесовский подход","7","М.","1971","","304","russian","","1"
"216","Психологические измерения","7","М.","1967","","196","russian","","1"
"217","Математические методы финансового анализа","58","М.","2006","","400","russian","","4"
"218","Менеджмент","59","М.","1999","3-е изд.","528","russian","","4"
"219","Математическое программирование. Теория и алгоритмы","1","М.","1990","","488","russian","","2"
"220","Оптимизация весовых методов Монте-Карло","1","М.","1987","","240","russian","","3"
"221","Я вижу вас голыми: Как подготовиться к презентации и с блеском ее провести","60","М.","2005","","148","russian","","4"
"222","Нелинейное программирование: методы последовательной безусловной оптимизации","7","М.","1972","","240","russian","","2"
"223","Критерии и методы оптимального определения капиталовложений","10","М.","1971","","504","russian","","4"
"224","Ситуационные советующие системы с нечеткой логикой","1","","1990","","272","russian","","3"
"225","Нечеткие модели для экспертных систем в САПР","5","М.","1991","","136","russian","","4"
"226","Маркетинговые исследования. Практическое руководство","14","М.","2002","3-е изд.","960","russian","","4"
"227","Методология научного творчества","28","М.","2008","","512","russian","","3"
"228","Риск-менеджмент","47","Ростов н/Д.","2004","","320","russian","","4"
"229","Модели и методы теории логистики","15","СПб.","2008","2-е изд.","448","russian","","4"
"230","Современное состояние теории функций действительного переменного","61","Ленинград","1933","","59","russian","","4"
"231","Идентификация систем. Теория для пользователя","1","М.","1991","","432","russian","","1"
"232","Методы идентификации систем","7","М.","1979","","302","russian","","2"
"233","Оптимальные и адаптивные системы","9","М.","1989","","263","russian","","3"
"234","Оптимизация больших систем","1","М.","1975","","432","russian","","3"
"235","Экспертная информация: Методы получения и анализа","16","М.","1982","","184","russian","","1"
"236","Методы построения имитационных систем","24","Киев","1991","","120","russian","","3"
"237","Математическая теория транспортных потоков","7","М.","1966","","287","russian","","1"
"238","Оптимальное управление в экономике","25","М.","2003","","192","russian","","2"
"239","Оптимальные решения. Основы программирования","23","М.","1967","","287","russian","","3"
"240","Наука и искусство принятия решений","1","М.","1979","","200","russian","","3"
"241","Математическое и компьютерное моделирование экономики","62","М.","2002","","256","russian","","3"
"242","Теория точечного оценивания","1","М.","1991","","448","russian","","1"
"243","Графы и их применение","63","М.","1979","","143","russian","","1"
"244","Семантика и теория игр","1","Новосибирск","1983","","130","russian","","1"
"245","Исследование операций в экономике","13","М.","2005","","407","russian","","2"
"246","Оценивание параметров случайных процессов","64","Ереван","1980","","255","russian","","3"
"247","Построение групповых решений в пространствах четких и нечетких бинарных отношений","1","М.","1982","","168","russian","","3"
"248","Кибернетика и управление производством","30","М.","1963","","276","russian","","4"
"249","Статистические методы анализа наблюдений","7","М.","1975","","312","russian","","4"
"250","Принципы построения моделей","65","М.","1983","","264","russian","","3"
"251","Математика ставит эксперимент","1","М.","1979","","223","russian","","2"
"252","Общая теория систем: математические основы","7","М.","1978","","312","russian","","4"
"253","Основы корпоративных финансов","66","М.","2001","","712","russian","","4"
"254","Элементы высшей алгебры","67","Киев","1914","","590","russian","","3"
"255","Фирма, рынок и право","27","М.","2007","","224","russian","","1"
"256","Финансы предприятий","68","М.","2003","","352","russian","","3"
"257","Экономико-математическое моделирование. Моделирование макроэкономических процессов и систем","32","М.","2005","","295","russian","","1"
"258","Очерки по математической теории систем","7","М.","1971","","400","russian","","4"
"259","Методы интервального анализа","1","Новосибирск","1986","","222","russian","","2"
"260","Математические методы в системах поддержки принятия решений","9","М.","2005","","311","russian","","4"
"261","Введение в прикладную комбинаторику","1","М.","1975","","480","russian","","1"
"262","Введение в теорию нечетких множеств","16","М.","1982","","432","russian","","1"
"263","Управление хозяйственным риском","1","М.","2002","","192","russian","","4"
"264","Методы обработки данных в системах с нечеткой информацией","69","Фрунзе","1988","","188","russian","","4"
"265","Нечеткие многокритериальные модели принятия решений","70","Тбилиси","1988","","71","russian","","4"
"266","Статистические модели в управлении производством","10","М.","1973","","368","russian","","1"
"267","Экономический риск: сущность, методы измерения, пути снижения","71","М.","2002","2-е изд., перераб. и доп.","160","russian","","3"
"268","Нелинейное программирование на основе безусловной минимизации","1","Новосибирск","1981","","183","russian","","1"
"269","Нетрадиционные методы многомерного статистического анализа","25","М.","1988","","263","russian","","2"
"270","Основы теории принятия решений","39","М.","1979","","212","russian","","3"
"271","Анализ хозяйственной деятельности сельскохозяйственных предприятий","72","М.","19991","","256","russian","","3"
"272","Устойчивость методов Рунге--Кутты для жестких нелинейных дифференциальных уравнений","7","М.","1988","","334","russian","","1"
"273","Метод парных сравнений, «Статистика», 1978.","10","М.","1978","","144","russian","","2"
"274","Системы с обратной связью: вход-выходные соотношения","1","М.","1983","","280","russian","","2"
"275","Нечеткое моделирование и многокритериальная оптимизация производственных систем в условиях неопределенности: технология, экономика, экология","73","М.","2004","","398","russian","","2"
"276","Риск--ресурс: Проблемы венчурно--стохастической деятельности","74","Уфа","1999","","376","russian","","4"
"277","Метод статистических испытаний (Монте-Карло) и его реализация на цифровых вычислительных машинах","30","М.","1961","","226","russian","","1"
"278","Рискология. Управление рисками","57","М.","2002","","383","russian","","1"
"279","Решение невыпуклых нелинейных задач оптимизации","1","М.","1983","","256","russian","","1"
"280","Методы и модели согласования иерархических решений","1","Новосибирск","1979","","239","russian","","2"
"281","Методы и алгоритмы решения задач оптимизации","75","К.","1983","","512","russian","","1"
"282","Принятие решений: комбинаторные модели аппроксимации информации","1","М.","1990","","160","russian","","4"
"283","Против богов: Укрощение риска","76","М.","2000","","400","russian","","2"
"284","Математико-статистические методы экспертных оценок","10","М.","1980","2-е изд., перераб. и доп.","263","russian","","4"
"285","Сходимость вероятностных мер","1","М.","1977","","352","russian","","2"
"286","Задачи поиска","7","М.","1982","","368","russian","","1"
"287","Экспертные оценки и их применение в энергетике","77","М.","1981","","188","russian","","1"
"288","Анализ результатов наблюдений. Разведочный метод","7","М.","1981","","694","russian","","2"
"289","Исследование операций","33","М.","1976","","64","russian","","4"
"290","Прикладные задачи исследования операций","35","М.","2006","","352","russian","","2"
"291","Экономико-математические методы и модели. Выполнение расчетов в среде EXCEL","78","М.","2000","","136","russian","","4"
"292","Эконометрика для продолжающих. Курс лекций","79","М.","2003","","60","russian","","2"
"293","Риск-менеджмент организации","80","М.","2008","","236","russian","","3"
"294","Математические методы и модели в экономике, финансах, бизнесе","32","М.","2001","","367","russian","","3"
"295","Анализ многомерных даннных","81","М.","2005","","160","russian","","3"
"296","Антикризисный менеджмент","82","М.","1999","","368","russian","","4"
"297","Имитационное моделирование систем. Введение в моделирование с AnyLogic 5","11","СПб.","2005","","400","russian","","3"
"298","Имитационное моделирование экономических процессов","83","М.","2005","","164","russian","","1"
"299","Имитационное моделирование экономических процессов","25","М.","2002","","368","russian","","3"
"300","Имитационное моделирование экономических систем","84","Екатеринбург","2004","","123","russian","","2"
"301","Нелинейное и динамическое программирование","7","М.","1967","","506","russian","","2"
"302","Технология разработки программного обеспечения","15","СПб.","2004","","655","russian","","4"
"303","Унифицированный процесс разработки программного обеспечения","15","СПб.","2002","","496","russian","","3"
"304","Курс обыкновенных дифференциальных уравнений","9","М.","1991","","303","russian","","2"
"305","Обыкновенные дифференциальные уравнения","85","Харьков","1938","","719","russian","","3"
"306","Элементы теории массового обслуживания и ее приложения","44","М.","1965","","510","russian","","1"
"307","Экстремальные модели в экономике","17","М.","1979","","288","russian","","4"
"308","Итеративные методы в теории игр и программировании","1","М.","1974","","240","russian","","4"
"309","Экономическая статистика и эконометрия. Введение в количественный экономический анализ. Вып.2","10","М.","1977","","232","russian","","4"
"310","Многокритериальная оптимизация: Математические аспекты","1","М.","1989","","128","russian","","3"
"311","Бинарные отношения в многокритериальной оптимизации","1","М.","1981","","150","russian","","1"
"312","Математические модели конфликтных ситуаций","44","М.","1977","","304","russian","","1"
"313","Последовательное управление по неполным данным. Байесовский подход","1","М.","1982","","256","russian","","4"
"314","Методы принятия решения в сложных системах","86","Л.","1977","","72","russian","","1"
"315","Введение в эконометрику","35","М.","1999","","402","russian","","1"
"316","Фреймы для представления знаний","87","М.","1979","","152","russian","","3"
"317","Декомпозиция и агрегирование в задачах математического программирования","88","Мн.","1987","","183","russian","","4"
"318","Диагностика предприятия с использованием интегральных показателей и оптимизационных моделей","89","М.","2007","","248","russian","","3"
"319","Проблема группового выбора","1","М.","1974","","256","russian","","3"
"320","Курс теории вероятностей","29","М.","2005","8-е, испр. и доп.","448","russian","","2"
"321","Курс дифференциальных уравнений","90","М.","1959","8-е, стереотип.","468","russian","","2"
"322","Избранные труды","91","М.","2009","","520","russian","","2"
"323","Методы учета неопределенности экспертных знаний","92","М.","2006","","","russian","","1"
"324","Интерактивные методы снижения размерности признакового пространства в задачах многокритериального принятия решений","92","М.","2008","","25","russian","","1"
"325","Выявление приоритетов социально-экономического развития региона: математико-методическое обеспечение и его экспериментальная апробация на примере Пермской области","93","М.","2007","","25","russian","","2"
"326","Управление развитием регионального хозяйственного комплекса на основе выбора приоритетов инвестиционной политики","94","Курск","2009","","24","russian","","2"
"327","Управление инновационными проектами строительного предприятия в области ресурсосбережения","95","М.","2009","","26","russian","","4"
"328","Анализ решений (введение в проблему выбора в условиях неопределенности)","1","М.","1977","","408","russian","","4"
"329","Интеллектуальные информационные системы","9","М.","2003","","431","russian","","4"
"330","Проблема идентификации в эконометрии","10","М.","1978","","223","russian","","3"
"331","Алгоритмы и системы автоматизации исследований и проектирования","1","М.","1980","","185","russian","","4"
"332","Надежность технических систем и оценка риска","56","М.","1984","","528","russian","","3"
"333","Диагностический анализ финансовой несостоятельности организаций","96","М.","2007","","287","russian","","1"
"334","Диагностика кризисного состояния предприятия","32","М.","2003","","349","russian","","3"
"335","Как составить текст? Стилистические нормы русского литературного языка","97","М.","2009","","160","russian","","1"
"336","Графы и их применение","7","М.","1965","","175","russian","","3"
"337","Экономическая оценка инвестиций","15","СПб.","2009","3-е изд., перераб. и доп.","416","russian","","4"
"338","Принятие решений в многокритериальной среде: количественный подход","30","М.","2004","2-е изд., испр. и доп.","176","russian","","4"
"339","Многокритериальный выбор с учетом индивидуальных предпочтений","98","Н.Н.","1994","","92","russian","","3"
"340","Методы оптимизации и решение уравнений","1","М.","1987","","128","russian","","1"
"341","Ситуационное управление большими системами","87","М.","1974","","136","russian","","3"
"342","Системы и модели","16","М.","1982","","152","russian","","4"
"343","Теория игр и экономическое поведение","1","М.","1970","","708","russian","","2"
"344","Набор и верстка в системе LaTeX","1","М.","2003","3-е изд., испр. и доп.","448","russian","","2"
"345","Классификация многомерных наблюдений","10","М.","1974","","240","russian","","3"
"346","Процессы принятия управляющих решений, мотивированных интересами","30","М.","2005","","296","russian","","4"
"347","Справочник по прикладной статистике","25","М.","1989","","510","russian","","4"
"348","Справочник по прикладной статистике","25","М.","1990","","526","russian","","3"
"349","Управленческая экономика","35","М.","2000","","671","russian","","1"
"350","Ситуационное управление большими системами","87","М.","1974","","136","russian","","2"
"351","Информационно-поисковый тезаурус ИНИОН по экономике и демографии","99","М.","2001","","492","russian","","4"
"352","Измерение и анализ случайных процессов","7","М.","1971","","408","russian","","1"
"353","Методика преподавания экономических дисциплин: Основы концепции, направленной на активизацию процесса обучения","100","М.","2007","2-е изд., дораб.","184","russian","","1"
"354","Фрикономика","14","М.","2007","","288","russian","","4"
"355","Алгоритмы обработки экспериментальных данных","1","М.","1986","","1986","russian","","1"
"356","Как принять наилучшее решение в реальных условиях","16","М.","1991","","320","russian","","2"
"357","Основы системного анализа и теории принятия решений","101","Мн.","2006","","320","russian","","1"
"358","Проектирование нечетких систем средствами MATLAB","102","М.","2007","","288","russian","","4"
"359","Математика для экономистов: линейная алгебра","103","М.","2006","","224","russian","","1"
"360","Как написать дипломную работу","104","М.","2003","2-е изд.","240","russian","","1"
"361","Математика для экономистов: математический анализ","103","М.","2005","","272","russian","","2"
"362","Динамическое программирование в примерах и задачах","9","М.","1979","","125","russian","","4"
"363","Математические методы и модели в коммерческой деятельности","25","М.","2005","2-е изд., перераб. и доп.","616","russian","","2"
"364","Искусство программирования. Генерация всех деревьев","14","М.","2007","","160","russian","","4"
"365","Искусство программирования. Генерация всех кортежей и перестановок","14","М.","2008","","160","russian","","3"
"366","Искусство программирования. Генерация всех сочетаний и разбиений","14","М.","2007","","208","russian","","3"
"367","Компьютерная типография","7","М.","2003","","668","russian","","1"
"368","Как формировать выводы по диссертации и составлять заключение диссертационного совета","105","Ижевск","2002","2-е изд., испр. и доп.","28","russian","","2"
"369","Докторская диссертация?","106","М.","2003","3-е изд.","120","russian","","4"
"370","Как работать над диссертацией","106","М.","2003","4-е изд.","104","russian","","2"
"371","Диссертация и ученая степень","35","М.","2003","3-е изд., доп.","411","russian","","4"
"372","Математические методы моделирования экономических систем","25","М.","2006","2-е изд., перераб. и доп.","432","russian","","4"
"373","Основы имитационного моделирования сложных экономических систем","22","М.","2003","","336","russian","","4"
"374","Метематические методы и модели в управлении","22","М.","2000","","431","russian","","2"
"375","Системы искусственного интеллекта","107","М.","2001","","352","russian","","4"
"376","Эконометрика","25","М.","2003","","344","russian","","1"
"377","Математические модели природы и общества","30","М.","2005","","360","russian","","2"
"378","Основы имитационного и статистического моделирования","108","Мн.","1997","","288","russian","","3"
"379","Управление инновационным бизнесом","32","М.","2001","","343","russian","","1"
"380","Введение в статистическую теорию распознавания образов","1","М.","1979","","368","russian","","1"
"381","Риск-менеджмент инвестиционного проекта","32","М.","2009","","544","russian","","4"
"382","Исследование операций: задачи, принципы, методология","1","М.","1988","2-е изд., стер.","208","russian","","3"
"383","Компьютеры, мозг, познание: успехи когнитивных наук","1","М.","2008","","293","russian","","2"
"384","Построение динамических стохастических моделей по экспериментальным данным","1","М.","1983","","384","russian","","3"
"385","Размещение энерrетических решений","5","М.","1983","","320","russian","","2"
"386","Искусственные нейронные сети. Теория и практика","55","М.","2002","2-е изд., стереотип.","382","russian","","2"
"387","Оптимальные решения","16","М.","2000","","152","russian","","1"
"388","Линейное программирование его обобщение и применение","109","М.","1966","","600","russian","","2"
"389","Линейное программирование","110","М.","1998","","176","russian","","3"
"390","Математическая экономика","111","Томск","2006","","184","russian","","2"
"391","Статистические методы прогнозирования","10","М.","1977","2-е, перераб. и доп.","200","russian","","2"
"392","Исследование операций: Нечеткая оптимизация","112","К.","1991","","191","russian","","4"
"393","Принятие решений в организациях","113","СПб.","2001","","148","russian","","2"
"394","Новая корпоративная стратегия","114","СПб.","1999","","416","russian","","2"
"395","Обработка нечеткой информации в системах принятия решений","16","М.","1989","","304","russian","","2"
"396","Моделирование сложных систем","1","М.","1978","","400","russian","","2"
"397","Методика освоенного объема в оперативном управлении проектами","115","М.","2000","","156","russian","","2"
"398","Детерминационный анализ cоциально-экономических данных","1","М.","1982","","168","russian","","2"
"399","Практическое руководство по сплайнам","16","М.","1985","","304","russian","","3"
"400","Линейная и нелинейная регрессии","25","М.","1981","","302","russian","","1"
"401","Анализ финансовой отчетности","71","М.","2004","2-е изд.","336","russian","","4"
"402","Анализ финансовой отчетности. Практикум","71","М.","2004","","144","russian","","3"
"403","Стратегическое управление","17","М.","1989","","519","russian","","2"
"404","Очереди с приоритетами","7","М.","1973","","280","russian","","2"
"405","Основы кибернетики","16","М.","1984","","272","russian","","3"
"406","Принятие решений в управлении социально-экономическим развитием города","28","М.","2007","","184","russian","","4"
"407","Энциклопедический словарь расстояний","1","М.","2008","","444","russian","","3"
"408","Анализ и обработка данных: специальный справочник","15","СПб.","2001","","752","russian","","3"
"409","Игры с непротивоположными интересами","1","М.","1976","","328","russian","","1"
"410","Управление рисками в инновационной деятельности","32","М.","2010","","351","russian","","3"
"411","Риск-менеджмент инвестиционного проекта","32","М.","2009","","544","russian","","3"
"412","Математические методы в теории игр, программировании и экономике","7","М.","1964","","839","russian","","4"
"413","Сетевые методы планирования","23","М.","1968","","182","russian","","3"
"414","Теория вероятностей и математическая статистика","32","М.","2004","2-е изд., перераб. и доп.","573","russian","","2"
"415","Статистический анализ данных с пропусками","25","М.","1990","","336","russian","","1"
"416","Разработка управленческого решения","22","М.","2003","4-е изд., испр.","392","russian","","1"
"417","Вопросы кибернетики. Экспертные оценки","116","М.","1979","","200","russian","","3"
"418","Процедуры и алгоритмы формирования комплексных программ","1","М.","1985","","424","russian","","4"
"419","Программно-целевое планирование и управление","44","М.","1976","","440","russian","","4"
"420","Стохастические модели и методы в экономическом планировании","1","М.","1979","","256","russian","","2"
"421","Теория массового обслуживания","117","М.","1982","","256","russian","","2"
"422","Наука управления","87","М.","1971","","112","russian","","3"
"423","Науки об искусственном","29","М.","2004","2-е","144","russian","","2"
"424","Информационные системы и технологии в экономике и управлении","118","М.","2006","","480","russian","","2"
"425","Построение экспертных систем","7","М.","1987","","441","russian","","4"
"426","Достоверные вычисления. Базовые численные методы","119","Москва-Ижевск","2005","","496","russian","","2"
"427","Алгоритмы: введение в разработку и анализ","14","М.","2006","","576","russian","","1"
"428","Математические термины. Справочник","117","М.","1978","","190","russian","","1"
"429","Эвристический поиск в сложных системах","120","К.","1977","","167","russian","","1"
"430","Модели адаптивно-рационального прогнозирования экономических процессов","41","Воронеж","2008","","336","russian","","1"
"431","Математическая экономика","44","М.","1972","","464","russian","","3"
"432","Модернизация системы налогового контроля на основе нейросетевых информационных технологий","1","М.","2001","","344","russian","","4"
"433","Экстремальные задачи на графах и алгоритмы их решения","121","Кишинев","1973","","93","russian","","2"
"434","Сборник задач по курсу математического анализа","1","М.","1985","20-е изд.","384","russian","","1"
"435","Стандартизация разработки программных cредств","25","М.","2005","","288","russian","","4"
"436","Голосование в малых группах: процедуры и методы сравнительного анализа","1","М.","1991","","192","russian","","2"
"437","Математический анализ. Введение в анализ","63","М.","1983","","191","russian","","2"
"438","Диагностика кризисного состояния предприятия","122","М.","2004","","61","russian","","2"
"439","Математико-статистическая оценка эффективности в экономических задачах","25","М.","1982","","176","russian","","3"
"440","Интеллектуальные информационные системы","123","М.","2004","","82","russian","В пособие описывается архитектура и компоненты экспертных систем, описывается технология их создания, 
приводится фрагмент базы знаний экспертной системы финансового анализа","2"
"441","Методика редактирования теста","124","М.","2005","3-е, перераб. и доп.","524","russian","","4"
"442","Курс математического анализа","9","М.","1981","","687","russian","","1"
"443","Курс математического анализа","9","М.","1981","","584","russian","","4"
"444","Три с половиной тысячи английских фразеологизмов и устойчивых словосочетаний","125","М.","2007","","285","russian","","3"
"445","Англо-русский фразеологический словарь","126","М.","1984","4-е изд., перераб. и доп.","944","russian","","3"
"446","Грамматический словарь русского языка","126","М.","1980","2-е изд., стереотип.","880","russian","","1"
"447","Введение в экономико-математическое моделирование","1","М.","1984","","392","russian","","1"
"448","UML 2 и Унифицированный процесс. Практический объектно-ориентированный анализ и проектирование","127","СПб.","2007","2-е изд.","624","russian","","4"
"449","Методы распознавания и их применение","128","М.","1972","","208","russian","","4"
"450","Современные методы описания функциональных требований к системам","129","М.","2007","","280","russian","","3"
"451","CASE-технологии. Практикум","130","М.","2005","","160","russian","","1"
"452","UML 2.O. Объектно-ориентированное моделирование и разработка","15","СПб.","2007","2-е изд.","544","russian","","4"
"453","Оптимальные статистические решения","7","М.","1974","","493","russian","","3"
"454","Непараметрическая идентификация и сглаживание данных: метод локальной аппроксимации","1","М.","1985","","336","russian","","3"
"455","Методы оптимизации стохастических систем","1","М.","1987","","304","russian","","3"
"456","Теория и практика эволюционного моделирования","90","М.","2003","","432","russian","","2"
"457","Теория игр","9","М.","1998","","304","russian","","4"
"458","Оптимальное управление в агрегированных моделях экономики","1","Л.","1991","","272","russian","","2"
"459","Теория и компьютерные методы исследования стохастических систем","90","М.","2003","","400","russian","","3"
"460","Экономико-математические методы: Элементарная математика и логика. Методы исследования операций","131","СПб.","1999","","320","russian","","2"
"461","Принципы распознавания образов","7","М.","1978","","414","russian","","2"
"462","Экспертные оценки","1","М.","1973","","160","russian","","2"
"463","Инвестиционное проектирование","132","М.","2008","","184","russian","","1"
"464","Проблемы принятия решений при нечеткой исходной информации","1","М.","1981","","208","russian","","4"
"465","Применение математических методов в управлении производством и запасами","23","М.","1966","","280","russian","","4"
"466","ДСМ-метод автоматического порождения гипотез: Логические и эпистемологические основания","133","М.","2009","","432","russian","","3"
"467","Эмпирическое предсказание","1","Новосибирск","1979","","120","russian","","4"
"468","Анализ систем управления запасами","1","М.","1969","","513","russian","","4"
"469","Реинжиниринг бизнес-процессов","134","М.","2004","","116","russian","","2"
"470","Планирование в больших экономических системах","44","М.","1972","","224","russian","","2"
"471","Стохастические процессы теории запасов","7","М.","1984","","184","russian","","1"
"472","Аналитическая основа принятия управленческих решений","25","М.","1989","","206","russian","","1"
"473","Проблемы многоступенчатой оптимизации народнохозяйственного планирования","10","М.","1975","","80","russian","","4"
"474","Локальная организация интеллектуальных систем","30","М.","2004","","328","russian","Предложен и детально исследован новый принцип организации больших систем --- локальная организация. 
Локальная организация, развивающая и уточняющая принципы создания распределенных систем, представляет  
собой важную альтернативу централизованным и децентрализованным системам. Она позволяет предложить и проанализировать ряд новых моделей 
технических систем с элементами искусственного интеллекта. Подход обоснован рассмотрением многочисленных проблем и 
математических моделей, возникающих в дискретных, непрерывных, комбинаторных 
и программных задачах. Большинство моделей носит оригинальный характер и может представлять также самостоятельный интерес 
для теории и различных приложений.","3"
"475","Факторный анализ в производстве","10","М.","1975","","328","russian","","4"
"476","Инновационный менеджмент","135","М.","1998","","600","russian","","4"
"477","Линейное и выпуклое прграммирование","1","М.","1967","","460","russian","","2"
"478","Теория графов и ее применение","4","М.","1962","","320","russian","","3"
"479","Действительный и функциональный анализ","119","Ижевск","2009","","724","russian","","4"
"480","Моделирование и анализ систем. IDEF-технологии","25","М.","2006","","192","russian","","1"
"481","Введение в теорию расписаний","1","М.","1975","","257","russian","","4"
"482","Достоверный и правдоподобный вывод в интеллектуальных системах","30","М.","2004","","704","russian","","1"
"483","Теория расписаний. Многостадийные системы","1","М.","1989","","328","russian","","3"
"484","TeX для всех: Оформление учебных и научных работ в системе LaTex","133","М.","2009","","208","russian","","2"
"485","Руководство по научно-техническому прогнозированию","23","М.","1977","","351","russian","","3"
"486","Введение в теорию интеллектуальных систем","136","М.","2006","","208","russian","","1"
"487","Методы и алгоритмы финансовой математики","137","М.","2007","","7511","russian","","4"
"488","Экономическая теория и исследование операций","23","М.","1965","","496","russian","","1"
"489","Динамика развития города","23","М.","1974","","288","russian","","3"
"490","Математические методы в теории игр, программировании и экономике","7","М.","1964","","839","russian","","3"
"491","Оптимизация функционирования промышленного предприятия. Вопросы методологии и моделирования","1","Новосибирск","1987","","251","russian","","3"
"492","Лекции по математике: дифференциальные уравнения","29","М.","2004","","208","russian","","2"
"493","Лекции по математике: оптимизация","138","М.","2007","2-е изд. стереотип.","216","russian","","2"
"494","Микроэкономика. Продвинутый уровень","35","М.","2008","","844","russian","","2"
"495","Многоиндексные задачи линейного программирования","16","М.","1982","","240","russian","","3"
"496","Методы аппроксимаций в задачах оптимизации и управления","1","М.","1988","","360","russian","","4"
"497","Руководство к своду знаний по управлению проектами","139","Pennsylvania","2008","4-е изд.","496","russian","","2"
"498","Имитационные модели в экономике","24","К.","1978","","304","russian","","2"
"499","Универсальная система показателей деятельности: Как достигать результатов, сохраняя целостность","140","М.","2005","2-е изд.","352","russian","","3"
"500","Моделирование рисковых ситуаций","134","М.","2007","","102","russian","","3"
"501","Имитационное моделирование экономических процессов","141","М.","2008","","228","russian","","2"
"502","Управление производством: количественный подход","7","М.","1973","","304","russian","","4"
"503","Информационно-аналитические системы. Основы проектирования и применения","134","М.","2005","","111","russian","","1"
"504","Информационные технологии в экономике и управлении","141","М.","2008","","120","russian","","2"
"505","Управленческие решения","134","М.","2005","","184","russian","","1"
"506","Основы логистики","134","М.","2005","","69","russian","","4"
"507","Экономико-математические модели в системе управления предприятиями","1","М.","1983","","396","russian","","1"
"508","Календарное планирование","23","М.","1966","","467","russian","","3"
"509","Набор и верста в системе LaTeX","65","М.","2003","3-е изд.","448","russian","","4"
"510","Объектно-ориентированный анализ и проектирование систем","129","М.","2007","","284","russian","","2"
"511","Веб-технологии для математика: основы MathМL. Практическое руководство","30","М.","2010","","192","russian","","2"
"512","Математика и кибернетика в экономике. Словарь-справочник","17","М.","1975","2-е изд., перераб. и доп.","702","russian","","4"
"513","Математические модели и методы в экономике","65","М.","1980","","199","russian","","3"
"514","Организационная структура оперативного управления производством","1","М.","1986","","225","russian","","4"
"515","Оптимизация стохастических систем","1","М.","1971","","424","russian","","1"
"516","Механизмы функционирования организационных систем","1","М.","1981","","384","russian","","4"
"517","Адаптивные механизмы в отраслевом управлении","1","М.","1991","","166","russian","","1"
"518","Моделирование механизма принятия решений","1","М.","1976","","278","russian","","2"
"519","Адаптивные эконометрические модели.— Новосибирск: Наука, 1981.","1","Новосибирск","1981","","224","russian","","4"
"520","Адаптивные методы краткосрочного прогнозирования","10","М.","1979","","254","russian","","4"
"521","Поиск зависимости и оценка погрешности","1","М.","1985","","150","russian","","2"
"522","Основы кибернетики предприятия","23","М.","1971","","340","russian","","4"
"523","Информационно-поисковые системы","7","М.","1972","","308","russian","","1"
"524","Тезаурусы в задачах информационного поиска","65","М.","2011","","512","russian","","2"
"525","Математические методы регионального программирования","1","М.","1989","","304","russian","","4"
"526","Факторный, дискриминантный и кластерный анализ","25","М.","1989","","215","russian","","4"
"527","Проектирование программного обеспечения экономических информационных систем","25","М.","2006","2-е изд., перераб. и доп.","544","russian","","4"
"528","Создание информационных систем с AllFusion Modeling Suite","142","М.","2003","","432","russian","","4"
"529","Организация программно-целевого управления","1","М.","1980","","377","russian","","4"
"530","Проектирование экономических информационных систем","25","М.","2003","","512","russian","","4"
"531","Интеллектуальные информационные системы","1","М.","1980","","232","russian","","3"
"532","Структурные методы обработки эмпирических данных","1","М.","1983","","461","russian","","4"
"533","Справочник по теории вероятностей и математической статистике","1","М.","1985","2-е изд., перераб. и доп.","640","russian","","1"
"534","Современные методы управления портфелями проектов и офис управления проектами: Максимизация ROI","143","М.","2004","","576","russian","","4"
"535","Оценка устойчивости систем с запаздыванием","5","Л.","1982","","112","russian","","1"
"536","Введение в математическое моделированиеЛогос,2005. - 440 с.","124","М.","2005","","400","russian","","1"
"537","Основы идентификации систем управления","7","М.","1975","","685","russian","","3"
"538","Архитектура вычислительных систем и компьютерных сетей","15","СПб.","2007","","509","russian","","4"
"539","Элементарная теория вероятностей","144","Новосибирск","2005","","158","russian","","3"
"540","Элементарная теория вероятностей","144","Новосибирск","2005","","191","russian","","4"
"541","Элементарная теория вероятностей","144","Новосибирск","2005","","200","russian","","3"
"542","Планирование на предприятии","2","Мн.","2001","2-е изд. перераб.","635","russian","","2"
"543","Модели индикативного планирования социально-экономического развития ресурсного региона","145","Новосибирск","2008","","247","russian","","3"
"544","Технологические основы гибких производственных систем","9","М.","2000","2-е изд., испр.","255","russian","","2"
"545","Экспертные системы: Решение неформализованных задач в диалоге с ЭВМ","1","М.","1987","","288","russian","","2"
"546","Управление производством на базе стандарта MRP II","15","СПб.","2008","2-е изд.","416","russian","","3"
"547","Нечеткие множества в задачах автоматизированного управления и принятия решений","146","Харьков","2005","","233","russian","","3"
"548","Точность экономико-математических моделей","25","М.","1981","","255","russian","","4"
"549","Непараметрические методы классификации и их применение","1","Новосибирск","1993","","152","russian","","4"
"550","Проблемы программно-целевого планирования и управления","1","М.","1981","","464","russian","","3"
"551","Управление производством: инструменты, которые работают","15","СПб.","2008","","251","russian","","3"
"552","Объектно-ориентированный анализ: моделирование мира в состояниях","147","Киев","1993","","240","russian","","4"
"553","Многокритериальное управление в условиях статистической неопределенности","56","М.","1990","","160","russian","","2"
"554","Статистические модели и многокритериальные задачи принятия решений","10","М.","1979","","184","russian","","1"
"555","Компьютерная поддержка решений","148","СПб.","1998","","472","russian","","1"
"556","Основы имитационного моделирования и системного анализа в управлении","65","М.","2011","","304","russian","","4"
"557","Технология разработки программного обеспечения","35","М.","2008","","400","russian","","4"
"558","Быстрая переналадка для рабочих","149","М.","2009","","112","russian","","4"
"559","Методы оптимизации и решение уравнений","1","М.","1987","","128","russian","","4"
"560","Оптимальные и адаптивные системы","9","М.","1989","","263","russian","","3"
"561","Оперативно-календарное планирование: Модели и методы","17","М.","1979","","136","russian","","4"
"562","Модели оперативного планирования в дискретном производстве","1","М.","1978","","320","russian","","4"
"563","Управление машиностроительным производством с помощью систем MES, APS, ERP","150","Старый Оскол","2011","","372","russian","","4"
"564","Алгебраические модели гибких производственных систем","1","Л.","1986","","150","russian","","2"
"565","Сети Петри в моделировании и управлении","1","Л.","1989","","133","russian","","2"
"566","Управление гибкими производственными системами","56","М.","1988","","352","russian","","1"
"567","Методы и модели управления фирмой","15","СПб.","2001","","432","russian","","1"
"568","Системы и моделирование","7","М.","1967","","420","russian","","2"
"569","Оперативное управление в ГПС","56","М.","1990","","256","russian","","4"
"570","Теория расписаний","1","М.","1975","","361","russian","","4"
"571","Имитационное моделирование в оперативном управлении производством","56","М.","1984","","208","russian","","4"
"572","Имитационное моделирование производственных систем","56","М.","1983","","416","russian","","2"
"573","Организация и оперативно-календарное планирование машиностроительного производства в АСУП","151","Л.","1978","","240","russian","","3"
"574","Элементы теории многошаговых процессов последовательного выбора решений","1","М.","1985","","94","russian","","3"
"575","Теория мягких множеств","29","М.","2004","","360","russian","","1"
"576","Микроэкономика: продвинутый уровень","93","М.","2011","","733","russian","","1"
"577","Функционально-стоимостной анализ в машиностроении","56","М.","1987","","320","russian","","2"
"578","Планирование дискретного производства в условиях АСУ","152","Киев","1975","","296","russian","","4"
"579","Автоматизация годового планирования машиностроительного производства","56","М.","1987","","136","russian","","3"
"580","Проблемы программно-целевого планирования и управления","1","М.","1981","","464","russian","","2"
"581","Процессный подход к управлению. Моделирование бизнес-процессов","153","М.","2004","","408","russian","","4"
"582","Экономико-математические методы календарного планирования","1","М.","1973","","141","russian","","1"
"583","Оперативно-календарное планирование в гибких производственных системах","154","М.","2004","","208","russian","","1"
"584","Теория принятия решений","45","М.","2009","","400","russian","","3"
"585","Функционально-стоимостной анализ в управлении","17","М.","1986","","176","russian","","2"
"586","Эвристические методы календарного планирования","152","Киев","1980","","140","russian","","1"
"587","Проекты и риски будущего: Концепции, модели, инструменты, прогнозы","155","М.","2011","","432","russian","","3"
"588","Теория расписаний","33","М.","1972","","64","russian","","2"
"589","Гибкие производственные системы","56","М.","2009","","288","russian","","1"
"590","Искусственный интеллект: стратегии и методы решения сложных проблем","14","М.","2003","4-е изд.","864","russian","","2"
"591","О точности экономико-статистических наблюдений","10","М.","1968","","296","russian","","3"
"592","Элементарная алгебра","63","М.","1964","","304","russian","","3"
"593","Экономическая политика и поведение предприятий: механизмы взаимного влияния","156","М.","2009","","320","russian","","3"
"594","Алгебра и элементарные функции","1","М.","1967","3-е изд., перераб.","461","russian","","2"
"595","Модели прогнозирования развития компаний с учетом рисков","157","М.","2009","","50","russian","","2"
"596","Технология системного моделирования","56","М.","1988","","520","russian","","1"
"597","Лекции по теории сложных систем","128","М.","1973","","440","russian","","4"
"598","Экономическая кибернетика: энциклопедия","158","М.","2010","","716","russian","","3"
"599","Статистические методы построения эмпирических формул","9","М.","1988","2-е изд., перераб. и доп.","239","russian","","3"
"600","Синхронизированное производство","159","М.","2008","","288","russian","","3"
"601","Внутрифирменное управление, учет и информационные технологии","43","М.","2006","","340","russian","","1"
"602","Механизмы управления эколого-экономическими системами","30","М.","2008","","244","russian","","4"
"603","Модели и методы организационного управления инновационным развитием фирмы","160","М.","2006","","336","russian","","1"
"604","Методология управления","161","М.","2011","","128","russian","","3"
"605","Интеллектуальный анализ данных в менеджменте","162","СПб.","2005","","208","russian","","1"
"606","Статистические методы анализа наблюдений","7","М.","1975","","312","russian","","2"
"607","Линейное программирование (методы и приложения)","30","М.","1961","","303","russian","","3"
"608","Элементы численного анализа и математической обработки результатов опыта","1","М.","1970","","432","russian","","3"
"609","Моделирование развивающихся систем","1","М.","1983","","353","russian","","2"
"610","Принципы искусственного интеллекта","16","М.","1985","","376","russian","","3"
"611","От многоагентных систем к интеллектуальным организациям: философия, психология, информатика","163","М.","2002","","352","russian","","3"
"612","Математические методы и модели для магистрантов экономики","15","СПб.","2006","","496","russian","","3"
"613","Оптимальное календарное планирование на поточных линиях и предметных участках","151","СПб.","1969","","137","russian","","3"
"614","Математика","32","М.","2004","2-е изд., перераб. и доп.","719","russian","","2"
"615","Линейное программирование","103","М.","2008","","256","russian","","1"
"616","Элементы прикладной математики","1","М.","1972","3-е, перераб., доп.","592","russian","","1"
"617","Теория нейронных сетей","164","М.","2000","","416","russian","","1"
"618","Нейронные сети: история развития теории","164","М.","2001","","840","russian","","1"
"619","Методы динамического моделирования в управлении экономикой","165","М.","2005","2-е изд., испр. и доп.","456","russian","","2"
"620","Алгоритмы решения оптимизационных задач на сетях","121","Кишинев","1983","","116","russian","","4"
"621","Методы поиска экстремума","7","М.","1967","","268","russian","","3"
"622","Сети Петри","1","М.","1984","","160","russian","","2"
"623","Программирование: принципы и практика использования C++","14","М.","2011","","1248","russian","","4"
"624","Бинарные отношения, rрафы и коллективные решения","40","М.","2006","","298","russian","","2"
"625","Инженерное проектирование программного обеспечения","16","М.","1985","","512","russian","","1"
"626","Лекции по дискретной математике","11","СПб.","2004","","624","russian","","3"
"627","Теория приближений. Чебышевские приближения и их приложения","1","М.","1978","","272","russian","","1"
"628","Математическая Энциклопедия","166","М.","1977","","577","russian","","3"
"629","Математическая Энциклопедия","166","М.","1979","","553","russian","","3"
"630","Математическая Энциклопедия","166","М.","1982","","593","russian","","2"
"631","Лекции по высшей математике","167","СПб.","2007","5-е изд., перераб. и доп.","688","russian","","1"
"632","Алгебра","7","М.","1968","","575","russian","","2"
"633","Лекции по общей алгебре","1","М.","1973","2-е изд.","400","russian","","2"
"634","Имитационный анализ регионального воспроизводственного процесса","1","Новосибирск","1987","","177","russian","","1"
"635","Справочник по вычислительным методам статистики","25","М.","1982","","344","russian","","2"
"636","Проблемы кибернетики. Вып. 1","30","М.","1958","","269","russian","","4"
"637","Проблемы кибернетики. Вып. 2","30","М.","1959","","325","russian","","4"
"638","Проблемы кибернетики. Вып. 3","30","М.","1960","","285","russian","","2"
"639","Проблемы кибернетики. Вып. 5","30","М.","1961","","297","russian","","4"
"640","Проблемы кибернетики. Вып. 4","30","М.","1960","","260","russian","","4"
"641","Методы принятия решений","11","СПб.","2005","","416","russian","","2"
"642","Математические модели в управлении производством","1","М.","1975","","616","russian","","4"
"643","Микроэкономика","15","СПб.","2002","5-е изд.","608","russian","","1"
"644","Словарь современной экономической теории Макмиллана","35","М.","2003","","608","russian","","2"
"645","Словарь по экономике","8","СПб.","1998","","752","russian","","2"
"646","Макроэкономические модели и принципы построения ОГАС","10","М.","1975","","160","russian","","2"
"647","От амебы до робота: модели поведения","1","М.","1987","","288","russian","","3"
"648","Численные методы","1","М.","1989","","432","russian","","1"
"649","Математическая экономия в России (1865-1995 гг.)","1","М.","1996","","351","russian","","1"
"650","Элементы теории принятия решений (критерии и задачи)","168","М.","2010","","188","russian","","4"
"651","Теория принятия решений (элементы теории проверки вероятных гипотез)","169","М.","2007","","152","russian","","1"
"652","Путеводитель по пакету LaTeX и его расширению LaTeX2e","7","М.","1999","","606","russian","","1"
"653","Технические системы в условиях неопределенности: анализ гибкости и оптимизация","137","М.","2008","","319","russian","","4"
"654","Рынок ценных бумаг: Количественные методы анализа","22","М.","2003","","320","russian","","4"
"655","Анализ, синтез, планирование решений в экономике","25","М.","2000","","203","russian","","2"
"656","Управление рисками","170","М.","2005","","160","russian","","2"
"657","Универсальная алгебра","7","М.","1968","","359","russian","","4"
"658","Теория расписаний. Оценки абсолютной погрешности и схема приближенного решения задач теории расписаний","171","М.","2008","","222","russian","","2"
"659","Искусственный интеллект: Применение в интегрированных производственных системах","56","М.","1991","","544","russian","","1"
"660","Экономико-математическое моделирование производственных систем","9","М.","1991","","192","russian","","2"
"661","САПР и систему искусственного интеллекта на базе ЭВМ","1","М.","1991","","159","russian","","3"
"662","Оптимизация систем многосвязного управления","1","М.","1972","","344","russian","","3"
"663","Моделирование и прогнозирование глобального, регионального и национального развития","133","М.","2012","","488","russian","","4"
"664","Бизнес--процессы: Регламентация и управление","172","М.","2005","","319","russian","","3"
"665","Основы высшей алгебры","173","Л.","1941","","461","russian","","1"
"666","Информационные технологии экономического анализа","57","М.","2002","","320","russian","","4"
"667","Методы проектирования программных систем","7","М.","1985","","328","russian","","4"
"668","Курс математического анализа","63","М.","1972","2-е","511","russian","","1"
"669","Курс математического анализа","63","М.","1972","2-е изд.","439","russian","","4"
"670","Основные математико-статистические понятия и формулы в экономическом анализе","10","М.","1974","","281","russian","","2"
"671","Математическая статистика","1","Новосибирск","1997","","772","russian","","3"
"672","Экологические риски: расчет, управление, страхование","9","М.","2007","","360","russian","","2"
"673","Структурное программирование на АПЛ","56","М.","1982","","256","russian","","3"
"674","Основные концепции нейронных сетей","14","М.","2001","","291","russian","","4"
"675","Теория и практика построения баз данных","15","СПб.","2003","8-е изд.","800","russian","","3"
"676","Изучаем Python","127","СПб.","2009","3-е изд.","848","russian","","2"
"677","Введение в информационный поиск","14","М.","2011","3-е изд.","528","russian","","4"
"678","Организация и планирование производства на машиностроительном предприятии","56","М.","1986","","288","russian","","1"
"679","Методы теории массового обслуживания","16","М.","1981","","128","russian","","3"
"680","Обыкновенные дифференциальные уравнения","174","С.-П.","1996","","373","russian","","3"
"681","Оптимизационные задачи производственно-транспортного планирования: модели, методы, алгоритмы","1","М.","1986","","264","russian","","3"
"682","Матричная алгебра в экономике","10","М.","1974","","375","russian","","1"
"683","Большие системы. Ситуационное управление","33","М.","1975","","64","russian","","1"
"684","Лекции по вычислительной математике","175","М.","2006","","523","russian","","4"
"685","Управление территориально-производственными комплексами и программами их создания","1","М.","1985","","232","russian","","2"
"686","Методы обнаружения закономерностей","33","М.","1981","","64","russian","","1"
"687","Планирование эксперимента и анализ данных","176","Л.","1980","","384","russian","","3"
"688","Программирование на языке Паскаль","7","М.","1987","","232","russian","","3"
"689","Прикладная математическая статистика. Для инженеров и научных работников","30","М.","2006","","816","russian","","1"
"690","Управление проектом корпоративной информационной системы предприятия","35","М.","2009","","352","russian","","2"
"691","Принципы корпоративных финансов","76","М.","2008","","1008","russian","","1"
"692","Методы принятия решений","32","М.","1997","","590","russian","","2"
"693","Руководство к решению задач по теории вероятностей и математической статистике","177","М.","2004","9-е изд., стер.","404","russian","","2"
"694","Путеводитель по пакету LaTeX и его графическим расширениям. Иллюстрирование документов при помощи TeXa и PostScripta","175","М.","2002","","621","russian","","1"
"695","Практика применения кономико-математических методов и моделей","78","М.","2000","","246","russian","","3"
"696","Системы и модели","16","М.","1982","","152","russian","","4"
"697","Ввдение в алгебру. Основы алгебры","90","М.","1994","","320","russian","","2"
"698","Информационно-вычислительные системы в машиностроении CALS-технологии","1","М.","2003","","292","russian","","2"
"699","Базы данных","178","СПб.","2009","","736","russian","","4"
"700","Теория систем","44","М.","1978","","288","russian","","1"
"701","Бизнес-процессы. Инструменты совершенствования","153","М.","2003","","272","russian","","3"
"702","Модели и методы искусственного интеллекта. Применение в экономике","25","М.","2008","","448","russian","","1"
"703","Интеллектуальные информационные системы в экономике","57","М.","2007","2-е изд.,стереотип.","496","russian","","4"
"704","Сборник задач по алгебре","30","М.","2001","3-е изд., испр. и доп.","464","russian","","4"
"705","Введение в алгебру","30","М.","2000","","272","russian","","1"
"706","Введение в алгебру","30","М.","2004","3-е изд","272","russian","","2"
"707","Введение в алгебру","30","М.","2000","","368","russian","","3"
"708","Введение в алгебру","30","М.","2004","3-е изд.","272","russian","","1"
"709","Математика: Большой справочник для школьников и поступающих в вузы","179","М.","1998","","864","russian","","3"
"710","Математика","125","М.","2013","","671","russian","","3"
"711","Планирование эксперимента в задачах идентификации и экстраполяции","1","М.","1977","","208","russian","","2"
"712","Компьютерная типография LaTeX","156","Новосибирск","2013","","308","russian","","3"
"713","Новый объяснительный словарь синонимов русского языка","180","М.","2003","3-е изд.","1487","russian","","2"
"714","Портфельные инвестиции","122","М.","2005","","62","russian","","3"
"715","Модели и методы принятия решений в условиях неопределенности","181","Липецк","2001","","138","russian","","4"
"716","Нечеткая логика: алгебраические основы и приложения","181","Липецк","2002","","113","russian","","1"
"717","Математические основы теории риска","30","М.","2007","","620","russian","","4"
"718","Компьютерная лингвистика","182","М.","2007","","317","russian","","4"
"719","Справочник по правописанию, произношению, 
литературному редактированию","183","М.","1998","2-е изд., испр.","400","russian","","3"
"720","Индикативное планирование в стратегии экономического развития России","184","М.","2008","","104","russian","","4"
"721","Проективная геометрия","185","М.","1961","6-е изд.","361","russian","","1"
"722","Интегрированная система Scientific Workplace 4.0","25","М.","2003","","208","russian","","3"
"723","Сложные системы и методы их анализа","33","М.","1980","","64","russian","","1"
"724","Теория распределений","1","М.","1966","","588","russian","","4"
"725","Статистические выводы и связи","1","М.","1973","","466","russian","","4"
"726","Адаптивное управление","1","М.","1981","","384","russian","","3"
"727","Когнитивная лингвистика","186","Минск","2005","2-е изд.","254","russian","","1"
"728","Извлечение знаний из данных. Компьютерное познание. Модели когнитивных процессов","144","Новосибирск","2006","","293","russian","","4"
"729","Автоматическое понимание текстов: системы, модели, ресурсы","45","М.","2006","","304","russian","","2"
"730","Проектирование структур производственного предприятиям","187","СПб.","2005","","320","russian","","1"
"731","Русский  язык","188","М.","2001","4-е изд.","720","russian","","1"
"732","Система управления предприятием типа MRPII","189","М.","1999","","134","russian","","3"
"733","Статистические методы анализа экспертных оценок","1","М.","1977","","385","russian","","4"
"734","Разработка и исследование метода классификации библиографической текстовой информации","","М.","0","","5","russian","","2"
"735","История и методология прикладной математики","65","М.","2004","","244","russian","","2"
"736","Теория индексов и практика экономического анализа","25","М.","1990","","303","russian","","1"
"737","Корпоративные информационные системы","190","Вл-сток","2003","","262","russian","","2"
"738","Теория сетей Петри и моделирование систем","7","М.","1984","","264","russian","","3"
"739","Проектирование информационных систем","191","М.","2005","","304","russian","","2"
"740","Основы теории эвристических решений","44","М.","1975","","256","russian","","4"
"741","Исследование операций","192","М.","2000","","436","russian","","4"
"742","Системы искусственного интеллекта","7","М.","1991","","568","russian","","3"
"743","Введение в теорию вероятностей и ее приложения","7","М.","1984","","528","russian","","1"
"744","Введение в теорию вероятностей и ее приложения","7","М.","1984","","738","russian","","4"
"745","Проектирование информационных систем","193","Ростов н/Д","2009","","508","russian","","3"
"746","Проектный анализ. Продвинутый курс","35","М.","2009","","495","russian","","4"
"747","Обеспечение автоматизированных библиотечных информационных систем (АБИС)","194","М.","2012","","432","russian","","2"
"748","Автоматизация управления предприятием","35","М.","2000","","239","russian","","2"
"749","Методы оптимизации","195","Минск","2011","","472","russian","","3"
"750","Математические основы теории риска","30","М.","2011","2-е изд., перераб. и доп.","620","russian","","2"
"751","Методы оптимизации управления и принятия решений: примеры, задачи, кейсы","22","М.","2008","2-е изд., испр.","664","russian","","3"
"752","Экономика, организация и менеджмент","8","СПб.","2004","","468","russian","","1"
"753","Экономика, организация и менеджмент","8","СПб.","2004","","422","russian","","3"
"754","Интеллектуальные системы: концепция и приложения","196","СПб.","2011","","269","russian","","3"
"755","Инвестиции","35","М.","2001","","1028","russian","","3"
"756","Опционы. Полный курс для профессионалов","197","М.","2003","","416","russian","","2"
"757","Самообучающиеся системы","91","М.","2009","","288","russian","","3"
"758","Математическая теория глобального случайного поиска","151","Л.","1985","","296","russian","","1"
"759","Алгоритмические трюки для программистов","14","М.","2014","2-е изд.","512","russian","","3"
"760","Предметно-ориентированное проектирование (DDD): структуризация сложных программных систем","14","М.","2011","","448","russian","","3"
"761","Матричный анализ","7","М.","1989","","655","russian","","2"
"762","Экономические механизмы управления рисками чрезвычайных ситуаций","198","М.","2004","","312","russian","","3"
"763","Дискретная математика","15","СПб.","2011","","384","russian","","4"
"764","Геометрическая алгебра","1","М.","1969","","284","russian","","3"
"765","Введение в теорию графов","7","М.","1977","","209","russian","","4"
"766","Функциональное программирование на языке Haskell","199","М.","2007","","608","russian","","4"
"767","Архитектура компьютеров","200","Минск","2006","","559","russian","","3"
"768","Структурное программирование","7","М.","1975","","246","russian","","1"
"769","Численные методы оптимизации","56","М.","1981","","192","russian","","1"
"770","Представление и восстановление графов","120","Киев","1991","","192","russian","","1"
"771","Дискретная математика: комбинаторная оптимизация на графах","201","М.","2003","","232","russian","","1"
"772","Справочник программиста. Базовые методы решения графовых задач и сортировки","202","М.","1999","","256","russian","","1"
"773","Алгоритмы решения оптимизационных задач на сетях","121","Кишинев","1983","","117","russian","","1"
"774","Строки, деревья и последовательности в алгоритмах. Информатика и вычислительная биология","11","СПб.","2003","","654","russian","","1"
"775","Решатели интеллектуальных задач","1","М.","1982","","320","russian","","3"
"776","Методы обработки экспериментальных данных","30","М.","2008","2-е изд., перераб.","208","russian","","2"
"777","Теория очередей","7","М.","1966","","208","russian","","3"
"778","Оценка погрешностей результатов измерений","5","Л.","1985","","248","russian","","1"
"779","Финансовая математика","30","М.","2005","2-е изд.","576","russian","","1"
"780","Теория вероятностей. Математическая статистика","30","М.","2005","2-е изд.","296","russian","","2"
"781","Структура и интерпретация компьютерных программ","203","М.","2006","","608","russian","","4"
"782","Распределительные системы принятия решений в управлении региональным развитием","204","М.","2002","","52","russian","","4"
"783","Энциклопедия кибернетики","205","Киев","1974","","608","russian","","1"
"784","Энциклопедия кибернетики","205","Киев","1974","","624","russian","","1"
"785","Информационные системы. Вероятностные модели и статистические решения","206","СПб.","2003","","326","russian","","4"
"786","Информационные технологии в антикризисном управлении. Компьютерный практикум","207","М.","2009","","104","russian","","2"
"787","Полный англо-русский русско-английский словарь. 300 000 слов и выражений","103","М.","2013","","1328","russian","","4"
"788","Теория массового обслуживания","208","М.","1995","","529","russian","","3"
"789","Облик книги","209","М.","1975","","246","russian","","2"
"790","Исследование операций","210","Минск","2012","","281","russian","","4"
"791","Анализ данных и процессов","11","СПб.","2009","3-е изд., перераб. и доп.","512","russian","","4"
"792","Экспертные системы. Принципы работы и примеры","16","М.","1987","","224","russian","","1"
"793","Архитектура программного обеспечения на практике","15","СПб.","2006","2-е изд.","575","russian","","1"
"794","Объектно-ориентированный анализ и проектирование","15","СПб.","2013","","608","russian","","1"
"795","Искусственный интеллект","7","М.","1980","","522","russian","","3"
"796","Предметно-ориентированные языки программирования","14","М.","2011","","576","russian","","2"
"797","Теория и практика языков программирования","15","СПб.","2013","","688","russian","","1"
"798","Математические методы и модели для магистрантов экономики","15","СПб.","2010","2-е изд., доп.","496","russian","","4"
"799","Прикладная статистика в задачах и упражнениях","32","М.","2001","","270","russian","","3"
"800","Проектирование процесса проектирования: записки компьютерного эксперта","14","М.","2013","","464","russian","","3"
"801","Методы автоматической классификации текстов на естественном языке","211","Томск","2007","","144","russian","","1"
"802","Руководство к решению задач по математическому анализу","177","М.","1966","","466","russian","","1"
"803","Методы построения систем автоматизированного управления","30","М.","2008","","130","russian","","3"
"804","Современное проектирование на C++","14","М.","2002","","336","russian","","4"
"805","Природа и экономика: риски взаимодействия","58","М.","2011","","352","russian","","1"
"806","Перечислительная комбинаторика","7","М.","1990","","440","russian","","3"
"807","Линейная алгебра и ее применение","7","М.","1980","","456","russian","","2"
"808","Python. Подробный справочник","127","СПб.","2010","4-е изд.","864","russian","","3"
"809","Извлечение знаний из данных. Компьютерное познание. Модели когнитивных процессов","212","Новосибирск","2006","","293","russian","","1"
"810","Теория синтаксического анализа, перевода и компиляции","7","М.","1978","","612","russian","","2"
"811","Теория синтаксического анализа, перевода и компиляции","7","М.","1978","","487","russian","","2"
"812","Введение в математические основы САПР","199","М.","2011","","208","russian","","4"
"813","Динамическое программирование и марковские процессы","44","М.","1964","","194","russian","","2"
"814","Искусственный интеллект: междисциплинарный подход","213","М.","2006","","448","russian","","4"
"815","Вероятностно-статистический анализ хаотических процессов с помощью смешанных гауссовских моделей","214","М.","2008","","390","russian","","4"
"816","Теория игр и экономическое поведение","1","М.","1970","","708","russian","","4"
"817","Моделирование бизнес-процессов в нотации BPMN 2.0","134","М.","2013","","255","russian","","1"
"818","Введение в формальные методы описания бизнес-процессов","208","М.","2008","","173","russian","","1"
"819","Введение в программирование на языке Паскаль","7","М.","1989","","299","russian","","3"
"820","Программирование на языке Паскаль","7","М.","1982","","384","russian","","2"
"821","Анализ сложных систем","44","М.","1969","","520","russian","","3"
"822","Настольная книга издателя","215","М.","2004","","811","russian","","2"
"823","Двенадцать лекций по вычислительной математике","216","М.","2013","3-е, испр. и доп.","240","russian","","3"
"824","Теория графов: алгоритмы обработки деревьев","1","Новосибирск","1994","","360","russian","","3"
"825","Микроэкономика. Принципы и анализ","39","М.","2011","","720","russian","","3"
"826","Проектирование интегрированных систем библиотечно-информационного обеспечения научно-инновационной и образовательной деятельности","217","М.","2007","","172","russian","","1"
"827","Экономико-математические методы","218","Кемерово","2011","3-е изд., испр. и доп.","222","russian","","1"
"828","Когомологий бесконечномерных алгебр Ли","1","М.","1984","","272","russian","","4"
